INITIAL,NUMBER,Key,EntryLocation,ExitLocation,EntryDate,ExitDate
ALS ,2000,ALS 2000,X 344E,X 344E,3/24/2017,3/24/2017
CNW ,8646,CNW 8646,NZ021S,NZ021 ,2/15/2017,2/16/2017
CNW ,8646,CNW 8646,NZ021S,NZ021S,2/16/2017,2/17/2017
CNW ,8646,CNW 8646,NZ021S,NZ021S,2/17/2017,2/17/2017
CNW ,8646,CNW 8646,NZ021S,NZ021S,2/17/2017,2/17/2017
CNW ,8646,CNW 8646,NZ020 ,EN000 ,2/18/2017,2/18/2017
CNW ,8646,CNW 8646,NZ020 ,NZ020 ,2/18/2017,2/19/2017
CNW ,8646,CNW 8646,NZ020 ,NZ020 ,2/18/2017,2/19/2017
CNW ,8646,CNW 8646,NZ020 ,EN000 ,2/19/2017,2/19/2017
CNW ,8646,CNW 8646,NZ020 ,NZ020 ,2/19/2017,2/20/2017
CNW ,8646,CNW 8646,NZ020 ,NZ020 ,2/19/2017,2/20/2017
CNW ,8646,CNW 8646,NZ020 ,EN000 ,2/20/2017,2/20/2017
CNW ,8646,CNW 8646,NZ020 ,NZ020 ,2/20/2017,2/20/2017
CNW ,8646,CNW 8646,NZ020 ,NZ020 ,2/20/2017,2/20/2017
CNW ,8646,CNW 8646,NZ020 ,EN000 ,2/20/2017,2/21/2017
CNW ,8646,CNW 8646,NZ020 ,NZ020 ,2/21/2017,2/22/2017
CNW ,8646,CNW 8646,NZ020 ,NZ020 ,2/21/2017,2/22/2017
CNW ,8646,CNW 8646,NZ020 ,EN000 ,2/22/2017,2/22/2017
CNW ,8646,CNW 8646,NZ020 ,NZ020 ,2/22/2017,2/23/2017
CNW ,8646,CNW 8646,NZ020 ,NZ020 ,2/22/2017,2/23/2017
CNW ,8646,CNW 8646,NZ020 ,EN000 ,2/23/2017,2/23/2017
CNW ,8646,CNW 8646,NZ020 ,NZ020 ,2/23/2017,2/24/2017
CNW ,8646,CNW 8646,NZ020 ,NZ020 ,2/23/2017,2/24/2017
CNW ,8646,CNW 8646,NZ020 ,EN000 ,2/24/2017,2/24/2017
CNW ,8646,CNW 8646,NZ020 ,NZ020 ,2/24/2017,2/25/2017
CNW ,8646,CNW 8646,NZ020 ,NZ020 ,2/24/2017,2/25/2017
CNW ,8646,CNW 8646,NZ020 ,EN000 ,2/25/2017,2/25/2017
CNW ,8646,CNW 8646,NZ020 ,NZ020 ,2/25/2017,2/26/2017
CNW ,8646,CNW 8646,NZ020 ,NZ020 ,2/25/2017,2/26/2017
CNW ,8646,CNW 8646,NZ020 ,EN000 ,2/26/2017,2/26/2017
CNW ,8646,CNW 8646,NZ020 ,NZ020 ,2/26/2017,2/27/2017
CNW ,8646,CNW 8646,NZ020 ,NZ020 ,2/26/2017,2/27/2017
CNW ,8646,CNW 8646,NZ020 ,EN000 ,2/27/2017,2/27/2017
CNW ,8646,CNW 8646,NZ020 ,NZ020 ,2/27/2017,2/28/2017
CNW ,8646,CNW 8646,NZ020 ,NZ020 ,2/27/2017,2/28/2017
CNW ,8646,CNW 8646,NZ021S,EN000 ,2/28/2017,2/28/2017
CNW ,8646,CNW 8646,NZ021S,NZ021S,2/28/2017,3/1/2017
CNW ,8646,CNW 8646,NZ021S,NZ021 ,3/1/2017,3/2/2017
CNW ,8646,CNW 8646,NZ021S,NZ021S,3/2/2017,3/2/2017
CNW ,8646,CNW 8646,NZ021S,NZ021S,3/2/2017,3/2/2017
CNW ,8646,CNW 8646,NZ020 ,EN000 ,3/2/2017,3/3/2017
CNW ,8646,CNW 8646,NZ020 ,NZ020 ,3/3/2017,3/4/2017
CNW ,8646,CNW 8646,NZ020 ,NZ020 ,3/3/2017,3/4/2017
CNW ,8646,CNW 8646,NZ020 ,EN000 ,3/4/2017,3/4/2017
CNW ,8646,CNW 8646,NZ020 ,NZ020 ,3/4/2017,3/4/2017
CNW ,8646,CNW 8646,NZ020 ,NZ020 ,3/4/2017,3/4/2017
CNW ,8646,CNW 8646,NZ020 ,EN000 ,3/5/2017,3/5/2017
CNW ,8646,CNW 8646,NZ020 ,NZ020 ,3/5/2017,3/5/2017
CNW ,8646,CNW 8646,NZ020 ,NZ020 ,3/5/2017,3/5/2017
CNW ,8646,CNW 8646,NZ020 ,EN000 ,3/6/2017,3/6/2017
CNW ,8646,CNW 8646,NZ020 ,NZ020 ,3/6/2017,3/6/2017
CNW ,8646,CNW 8646,NZ020 ,NZ020 ,3/6/2017,3/6/2017
CNW ,8646,CNW 8646,NZ020 ,EN000 ,3/7/2017,3/7/2017
CNW ,8646,CNW 8646,NZ020 ,NZ020 ,3/7/2017,3/8/2017
CNW ,8646,CNW 8646,NZ020 ,NZ020 ,3/7/2017,3/8/2017
CNW ,8646,CNW 8646,NZ020 ,EN000 ,3/8/2017,3/8/2017
CNW ,8646,CNW 8646,NZ020 ,NZ020 ,3/8/2017,3/8/2017
CNW ,8646,CNW 8646,NZ020 ,NZ020 ,3/8/2017,3/8/2017
CNW ,8646,CNW 8646,NZ020 ,EN000 ,3/9/2017,3/10/2017
CNW ,8646,CNW 8646,NZ020 ,NZ020 ,3/10/2017,3/10/2017
CNW ,8646,CNW 8646,NZ020 ,NZ020 ,3/10/2017,3/10/2017
CNW ,8646,CNW 8646,NZ020 ,EN000 ,3/10/2017,3/10/2017
CNW ,8646,CNW 8646,NZ020 ,NZ020 ,3/10/2017,3/11/2017
CNW ,8646,CNW 8646,NZ020 ,NZ020 ,3/10/2017,3/11/2017
CNW ,8646,CNW 8646,NZ020 ,EN000 ,3/11/2017,3/11/2017
CNW ,8646,CNW 8646,NZ020 ,NZ020 ,3/11/2017,3/12/2017
CNW ,8646,CNW 8646,NZ020 ,NZ020 ,3/11/2017,3/12/2017
CNW ,8646,CNW 8646,NZ020 ,EN000 ,3/12/2017,3/13/2017
CNW ,8646,CNW 8646,NZ020 ,NZ020 ,3/13/2017,3/14/2017
CNW ,8646,CNW 8646,NZ020 ,NZ020 ,3/13/2017,3/14/2017
CNW ,8646,CNW 8646,NZ021 ,EN000 ,3/14/2017,3/15/2017
CNW ,8646,CNW 8646,NZ021 ,NZ021S,3/15/2017,3/16/2017
CNW ,8646,CNW 8646,NZ021 ,NZ021 ,3/16/2017,3/16/2017
CNW ,8701,CNW 8701,NZ021S,NZ021 ,2/15/2017,2/16/2017
CNW ,8701,CNW 8701,NZ021S,NZ021S,2/16/2017,2/17/2017
CNW ,8701,CNW 8701,NZ021S,NZ021S,2/17/2017,2/17/2017
CNW ,8701,CNW 8701,NZ020 ,EN000 ,2/18/2017,2/18/2017
CNW ,8701,CNW 8701,NZ020 ,NZ020 ,2/18/2017,2/19/2017
CNW ,8701,CNW 8701,NZ020 ,NZ020 ,2/18/2017,2/19/2017
CNW ,8701,CNW 8701,NZ021S,EN000 ,2/19/2017,2/19/2017
CNW ,8701,CNW 8701,NZ021S,NZ021S,2/19/2017,2/20/2017
CNW ,8701,CNW 8701,NZ021S,NZ021 ,2/20/2017,2/25/2017
CNW ,8701,CNW 8701,NZ021S,NZ021S,2/25/2017,2/26/2017
CNW ,8701,CNW 8701,NZ021S,NZ021S,2/26/2017,2/26/2017
CNW ,8701,CNW 8701,NZ020 ,EN000 ,2/26/2017,2/26/2017
CNW ,8701,CNW 8701,NZ020 ,NZ020 ,2/26/2017,2/27/2017
CNW ,8701,CNW 8701,NZ020 ,NZ020 ,2/26/2017,2/27/2017
CNW ,8701,CNW 8701,NZ020 ,EN000 ,2/27/2017,2/27/2017
CNW ,8701,CNW 8701,NZ020 ,NZ020 ,2/27/2017,2/28/2017
CNW ,8701,CNW 8701,NZ020 ,NZ020 ,2/27/2017,2/28/2017
CNW ,8701,CNW 8701,NZ020 ,EN000 ,2/28/2017,2/28/2017
CNW ,8701,CNW 8701,NZ020 ,NZ020 ,2/28/2017,3/1/2017
CNW ,8701,CNW 8701,NZ020 ,NZ020 ,2/28/2017,3/1/2017
CNW ,8701,CNW 8701,NZ020 ,EN000 ,3/1/2017,3/1/2017
CNW ,8701,CNW 8701,NZ020 ,NZ020 ,3/1/2017,3/2/2017
CNW ,8701,CNW 8701,NZ020 ,NZ020 ,3/1/2017,3/2/2017
CNW ,8701,CNW 8701,NZ020 ,EN000 ,3/2/2017,3/2/2017
CNW ,8701,CNW 8701,NZ020 ,NZ020 ,3/2/2017,3/3/2017
CNW ,8701,CNW 8701,NZ020 ,NZ020 ,3/2/2017,3/3/2017
CNW ,8701,CNW 8701,NZ020 ,EN000 ,3/3/2017,3/3/2017
CNW ,8701,CNW 8701,NZ020 ,NZ020 ,3/3/2017,3/4/2017
CNW ,8701,CNW 8701,NZ020 ,NZ020 ,3/3/2017,3/4/2017
CNW ,8701,CNW 8701,NZ020 ,EN000 ,3/4/2017,3/4/2017
CNW ,8701,CNW 8701,NZ020 ,NZ020 ,3/4/2017,3/4/2017
CNW ,8701,CNW 8701,NZ020 ,NZ020 ,3/4/2017,3/4/2017
CNW ,8701,CNW 8701,NZ020 ,EN000 ,3/5/2017,3/5/2017
CNW ,8701,CNW 8701,NZ020 ,NZ020 ,3/5/2017,3/5/2017
CNW ,8701,CNW 8701,NZ020 ,NZ020 ,3/5/2017,3/5/2017
CNW ,8701,CNW 8701,NZ020 ,EN000 ,3/5/2017,3/6/2017
CNW ,8701,CNW 8701,NZ020 ,NZ020 ,3/6/2017,3/6/2017
CNW ,8701,CNW 8701,NZ020 ,NZ020 ,3/6/2017,3/6/2017
CNW ,8701,CNW 8701,NZ020 ,EN000 ,3/7/2017,3/7/2017
CNW ,8701,CNW 8701,NZ020 ,NZ020 ,3/7/2017,3/8/2017
CNW ,8701,CNW 8701,NZ020 ,NZ020 ,3/7/2017,3/8/2017
CNW ,8701,CNW 8701,NZ020 ,EN000 ,3/8/2017,3/8/2017
CNW ,8701,CNW 8701,NZ020 ,NZ020 ,3/8/2017,3/8/2017
CNW ,8701,CNW 8701,NZ020 ,NZ020 ,3/8/2017,3/8/2017
CNW ,8701,CNW 8701,NZ020 ,EN000 ,3/9/2017,3/10/2017
CNW ,8701,CNW 8701,NZ020 ,NZ020 ,3/10/2017,3/10/2017
CNW ,8701,CNW 8701,NZ020 ,NZ020 ,3/10/2017,3/10/2017
CNW ,8701,CNW 8701,NZ020 ,EN000 ,3/10/2017,3/10/2017
CNW ,8701,CNW 8701,NZ020 ,NZ020 ,3/10/2017,3/11/2017
CNW ,8701,CNW 8701,NZ020 ,NZ020 ,3/10/2017,3/11/2017
CNW ,8701,CNW 8701,NZ020 ,EN000 ,3/11/2017,3/11/2017
CNW ,8701,CNW 8701,NZ020 ,NZ020 ,3/11/2017,3/12/2017
CNW ,8701,CNW 8701,NZ020 ,NZ020 ,3/11/2017,3/12/2017
CNW ,8701,CNW 8701,NZ020 ,EN000 ,3/12/2017,3/13/2017
CNW ,8701,CNW 8701,NZ020 ,NZ020 ,3/13/2017,3/14/2017
CNW ,8701,CNW 8701,NZ020 ,NZ020 ,3/13/2017,3/14/2017
CNW ,8701,CNW 8701,NZ021 ,EN000 ,3/14/2017,3/15/2017
CNW ,8701,CNW 8701,NZ021 ,NZ021S,3/15/2017,3/16/2017
CNW ,8701,CNW 8701,NZ021 ,NZ021 ,3/16/2017,3/16/2017
EMDX,1601,EMDX1601,EC096 ,EN000 ,1/4/2017,1/5/2017
EMDX,1601,EMDX1601,EC096 ,EC096 ,1/5/2017,1/5/2017
EMDX,1601,EMDX1601,NZ021S,EN000 ,1/5/2017,1/6/2017
EMDX,1601,EMDX1601,NZ021S,NZ021S,1/6/2017,1/7/2017
EMDX,1601,EMDX1601,NZ021S,NZ021 ,1/7/2017,1/8/2017
EMDX,1601,EMDX1601,NZ021S,NZ021S,1/8/2017,1/8/2017
EMDX,1601,EMDX1601,NZ021S,EN000 ,1/8/2017,3/27/2017
EMDX,1601,EMDX1601,NZ021S,NZ021S,3/27/2017,3/28/2017
EMDX,1601,EMDX1601,NZ021S,NZ021 ,3/28/2017,3/28/2017
EMDX,1601,EMDX1601,NZ021S,NZ021S,3/28/2017,3/28/2017
EMDX,1601,EMDX1601,NZ021S,EN000 ,3/28/2017,3/31/2017
EMDX,1601,EMDX1601,NZ021S,NZ021S,3/31/2017,3/31/2017
EMDX,1601,EMDX1601,NZ021S,NZ021 ,3/31/2017,3/31/2017
EMDX,1601,EMDX1601,NZ021S,NZ021S,3/31/2017,4/1/2017
EMDX,1601,EMDX1601,NZ021S,NZ021S,4/1/2017,4/1/2017
EMDX,1601,EMDX1601,EC096 ,EN000 ,4/1/2017,4/2/2017
EMDX,1601,EMDX1601,EC096 ,EC096 ,4/2/2017,4/2/2017
EMDX,1601,EMDX1601,NP162S,EN000 ,4/7/2017,4/8/2017
EMDX,1601,EMDX1601,NP162S,NP162S,4/8/2017,4/8/2017
EMDX,1601,EMDX1601,NX284E,EN000 ,4/20/2017,4/22/2017
EMDX,1601,EMDX1601,NX284E,NX284E,4/22/2017,4/22/2017
EMDX,1601,EMDX1601,NX284W,EN000 ,4/22/2017,4/27/2017
EMDX,1601,EMDX1601,NX284W,NX284W,4/27/2017,4/27/2017
EMDX,1601,EMDX1601,NX284S,EN000 ,4/27/2017,4/27/2017
EMDX,1601,EMDX1601,NX284S,NX284S,4/27/2017,4/28/2017
EMDX,1601,EMDX1601,NX284S,NX284S,4/28/2017,4/30/2017
EMDX,1601,EMDX1601,NX284S,NX284 ,4/30/2017,5/4/2017
EMDX,1601,EMDX1601,NX284S,NX284S,5/4/2017,5/4/2017
EMDX,1601,EMDX1601,NX284S,NX284S,5/4/2017,5/4/2017
EMDX,1601,EMDX1601,NX001 ,EN000 ,5/4/2017,5/5/2017
EMDX,1601,EMDX1601,NX001 ,NX001 ,5/5/2017,5/5/2017
EMDX,1601,EMDX1601,NX001 ,NX001 ,5/5/2017,5/5/2017
EMDX,1601,EMDX1601,NZ021S,EN000 ,5/5/2017,5/7/2017
EMDX,1601,EMDX1601,NZ021S,NZ021S,5/7/2017,5/8/2017
EMDX,1601,EMDX1601,NZ021S,NZ021 ,5/8/2017,5/8/2017
EMDX,1601,EMDX1601,NZ021S,NZ021S,5/8/2017,5/10/2017
EMDX,1601,EMDX1601,NX284S,EN000 ,5/11/2017,5/13/2017
EMDX,1601,EMDX1601,NX284S,NX284S,5/13/2017,5/13/2017
EMDX,1601,EMDX1601,NX284S,NX284S,5/13/2017,5/13/2017
EMDX,1601,EMDX1601,NX284S,NX284S,5/13/2017,5/13/2017
EMDX,1601,EMDX1601,NX284S,NX284S,5/13/2017,5/13/2017
EMDX,1601,EMDX1601,NX284S,NX284S,5/13/2017,5/13/2017
EMDX,1601,EMDX1601,NX284S,NX284S,5/13/2017,5/13/2017
EMDX,1601,EMDX1601,IY061S,EN000 ,5/13/2017,5/16/2017
EMDX,1601,EMDX1601,IY061S,IY061S,5/16/2017,5/16/2017
EMDX,1601,EMDX1601,WX817 ,EN000 ,5/16/2017,5/18/2017
EMDX,1601,EMDX1601,WX817 ,WX817 ,5/18/2017,5/18/2017
EMDX,1601,EMDX1601,JP016S,EN000 ,5/21/2017,5/24/2017
EMDX,1601,EMDX1601,JP016S,JP016S,5/24/2017,5/25/2017
EMDX,1601,EMDX1601,JP016S,JP016S,5/25/2017,5/25/2017
EMDX,1601,EMDX1601,JP016S,JP016 ,5/25/2017,5/27/2017
EMDX,1601,EMDX1601,JP016S,JP016S,5/27/2017,5/28/2017
EMDX,1601,EMDX1601,JP016S,JP016S,5/28/2017,5/28/2017
EMDX,1601,EMDX1601,JP016S,JP016S,5/28/2017,5/28/2017
EMDX,1602,EMDX1602,NZ020 ,EN000 ,12/30/2016,1/3/2017
EMDX,1602,EMDX1602,NZ020 ,NZ020 ,1/3/2017,1/4/2017
EMDX,1602,EMDX1602,NZ020 ,NZ020 ,1/3/2017,1/4/2017
EMDX,1602,EMDX1602,NX284E,EN000 ,1/8/2017,1/10/2017
EMDX,1602,EMDX1602,NX284E,NX284E,1/10/2017,1/10/2017
EMDX,1602,EMDX1602,NZ021S,EN000 ,1/10/2017,3/27/2017
EMDX,1602,EMDX1602,NZ021S,NZ021S,3/27/2017,3/28/2017
EMDX,1602,EMDX1602,NZ021S,NZ021 ,3/28/2017,3/28/2017
EMDX,1602,EMDX1602,NZ021S,NZ021S,3/28/2017,3/28/2017
EMDX,1602,EMDX1602,NZ021S,EN000 ,3/28/2017,3/31/2017
EMDX,1602,EMDX1602,NZ021S,NZ021S,3/31/2017,3/31/2017
EMDX,1602,EMDX1602,NZ021S,NZ021 ,3/31/2017,3/31/2017
EMDX,1602,EMDX1602,NZ021S,NZ021S,3/31/2017,4/1/2017
EMDX,1602,EMDX1602,NZ021S,NZ021S,4/1/2017,4/1/2017
EMDX,1602,EMDX1602,EC096 ,EN000 ,4/1/2017,4/2/2017
EMDX,1602,EMDX1602,EC096 ,EC096 ,4/2/2017,4/2/2017
EMDX,1602,EMDX1602,NP162S,EN000 ,4/7/2017,4/8/2017
EMDX,1602,EMDX1602,NP162S,NP162S,4/8/2017,4/8/2017
EMDX,1602,EMDX1602,NX284S,EN000 ,4/11/2017,4/16/2017
EMDX,1602,EMDX1602,NX284S,NX284S,4/16/2017,4/16/2017
EMDX,1602,EMDX1602,NX284S,NX284S,4/16/2017,4/17/2017
EMDX,1602,EMDX1602,NX284S,NX284S,4/17/2017,4/17/2017
EMDX,1602,EMDX1602,NX284S,EN000 ,4/22/2017,4/26/2017
EMDX,1602,EMDX1602,NX284S,NX284S,4/26/2017,4/26/2017
EMDX,1602,EMDX1602,NX284S,NX284S,4/26/2017,4/27/2017
EMDX,1602,EMDX1602,NX284S,NX284S,4/27/2017,4/27/2017
EMDX,1602,EMDX1602,NX284S,NX284S,4/27/2017,4/27/2017
EMDX,1602,EMDX1602,KP643 ,EN000 ,4/27/2017,4/29/2017
EMDX,1602,EMDX1602,KP643 ,KP643 ,4/29/2017,4/29/2017
EMDX,1602,EMDX1602,KP643 ,KP643 ,4/29/2017,4/29/2017
EMDX,1602,EMDX1602,NX284S,EN000 ,4/29/2017,5/8/2017
EMDX,1602,EMDX1602,NX284S,NX284S,5/8/2017,5/9/2017
EMDX,1602,EMDX1602,NX284S,NX284S,5/9/2017,5/9/2017
EMDX,1602,EMDX1602,SP760S,EN000 ,5/10/2017,5/12/2017
EMDX,1602,EMDX1602,SP760S,SP760S,5/12/2017,5/12/2017
EMDX,1602,EMDX1602,SP760S,SP760S,5/12/2017,5/12/2017
EMDX,1602,EMDX1602,SP760S,SP760S,5/12/2017,5/13/2017
EMDX,1602,EMDX1602,LS372S,EN000 ,5/13/2017,5/17/2017
EMDX,1602,EMDX1602,LS372S,LS372S,5/17/2017,5/17/2017
EMDX,1602,EMDX1602,SP760S,EN000 ,5/17/2017,5/20/2017
EMDX,1602,EMDX1602,SP760S,SP760S,5/20/2017,5/21/2017
EMDX,1602,EMDX1602,NX284 ,EN000 ,5/21/2017,5/24/2017
EMDX,1602,EMDX1602,NX284 ,NX284S,5/24/2017,5/24/2017
EMDX,1602,EMDX1602,NX284 ,NX284 ,5/24/2017,5/25/2017
EMDX,1602,EMDX1602,NX284S,EN000 ,5/25/2017,5/25/2017
EMDX,1602,EMDX1602,NX284S,NX284 ,5/25/2017,5/25/2017
EMDX,1602,EMDX1602,NX284S,NX284S,5/25/2017,5/26/2017
EMDX,1602,EMDX1602,NX284S,NX284S,5/26/2017,5/26/2017
GMTX,2116,GMTX2116,JH404D,EN000 ,3/17/2017,3/19/2017
GMTX,2116,GMTX2116,JH404D,JH404D,3/19/2017,3/19/2017
GMTX,2116,GMTX2116,JH404S,EN000 ,3/19/2017,3/20/2017
GMTX,2116,GMTX2116,JH404S,JH404S,3/20/2017,3/20/2017
GMTX,2116,GMTX2116,JH404D,EN000 ,3/20/2017,3/24/2017
GMTX,2116,GMTX2116,JH404D,JH404D,3/24/2017,3/27/2017
GMTX,2116,GMTX2116,JH404S,EN000 ,3/27/2017,3/29/2017
GMTX,2116,GMTX2116,JH404S,JH404S,3/29/2017,3/29/2017
GMTX,2116,GMTX2116,X 344E,EN000 ,4/8/2017,4/9/2017
GMTX,2116,GMTX2116,X 344E,X 344E,4/9/2017,4/10/2017
GMTX,2116,GMTX2116,X 344E,X 344E,4/10/2017,4/10/2017
GMTX,2116,GMTX2116,X 344E,X 344E,4/10/2017,4/10/2017
GMTX,2116,GMTX2116,X 344E,X 344E,4/10/2017,4/12/2017
GMTX,2116,GMTX2116,X 344E,EN000 ,5/2/2017,5/4/2017
GMTX,2116,GMTX2116,X 344E,X 344E,5/4/2017,5/4/2017
GMTX,2116,GMTX2116,X 344E,X 344E,5/4/2017,5/4/2017
GMTX,2116,GMTX2116,X 344E,X 344E,5/4/2017,5/4/2017
GMTX,2117,GMTX2117,TP250S,EN000 ,11/30/2016,1/13/2017
GMTX,2117,GMTX2117,TP250S,TP250S,1/13/2017,1/13/2017
GMTX,2117,GMTX2117,TP250S,TP250 ,1/13/2017,1/14/2017
GMTX,2117,GMTX2117,TP250S,TP250S,1/14/2017,1/14/2017
GMTX,2117,GMTX2117,X 344E,EN000 ,1/26/2017,2/15/2017
GMTX,2117,GMTX2117,X 344E,X 344E,2/15/2017,2/15/2017
GMTX,2117,GMTX2117,X 344E,X 344D,2/15/2017,2/16/2017
GMTX,2117,GMTX2117,X 344E,X 344E,2/16/2017,2/17/2017
GMTX,2117,GMTX2117,X 344E,X 344E,2/17/2017,2/17/2017
GMTX,2117,GMTX2117,X 344E,EN000 ,2/17/2017,2/23/2017
GMTX,2117,GMTX2117,X 344E,X 344E,2/23/2017,2/24/2017
GMTX,2117,GMTX2117,X 344E,X 344D,2/24/2017,2/24/2017
GMTX,2117,GMTX2117,X 344E,X 344E,2/24/2017,2/26/2017
GMTX,2117,GMTX2117,X 344E,X 344E,2/26/2017,2/27/2017
GMTX,2117,GMTX2117,X 344E,EN000 ,3/8/2017,3/21/2017
GMTX,2117,GMTX2117,X 344E,X 344E,3/21/2017,3/22/2017
GMTX,2117,GMTX2117,X 344E,X 344E,3/22/2017,3/22/2017
GMTX,2117,GMTX2117,X 344E,X 344E,3/22/2017,3/22/2017
GMTX,2117,GMTX2117,X 344E,X 344E,3/22/2017,3/22/2017
GMTX,2117,GMTX2117,X 344E,EN000 ,3/22/2017,3/25/2017
GMTX,2117,GMTX2117,X 344E,X 344E,3/25/2017,3/26/2017
GMTX,2117,GMTX2117,X 344E,X 344E,3/26/2017,3/26/2017
GMTX,2117,GMTX2117,X 344E,X 344E,3/26/2017,3/27/2017
GMTX,2117,GMTX2117,X 344E,EN000 ,3/31/2017,4/1/2017
GMTX,2117,GMTX2117,X 344E,X 344E,4/1/2017,4/3/2017
GMTX,2117,GMTX2117,X 344E,X 344E,4/3/2017,4/3/2017
GMTX,2117,GMTX2117,X 344E,X 344E,4/3/2017,4/3/2017
GMTX,2117,GMTX2117,X 344E,X 344E,4/3/2017,4/3/2017
GMTX,2117,GMTX2117,X 344E,X 344D,4/3/2017,4/4/2017
GMTX,2117,GMTX2117,X 344E,X 344E,4/4/2017,4/5/2017
GMTX,2117,GMTX2117,X 344E,X 344D,4/5/2017,4/5/2017
GMTX,2117,GMTX2117,X 344E,X 344E,4/5/2017,4/7/2017
GMTX,2117,GMTX2117,X 344E,X 344E,4/7/2017,4/7/2017
GMTX,2117,GMTX2117,X 344E,EN000 ,4/7/2017,4/17/2017
GMTX,2117,GMTX2117,X 344E,X 344E,4/17/2017,4/18/2017
GMTX,2117,GMTX2117,X 344E,X 344E,4/18/2017,4/18/2017
GMTX,2117,GMTX2117,X 344E,X 344E,4/18/2017,4/19/2017
GMTX,2117,GMTX2117,X 344E,X 344E,4/19/2017,4/19/2017
GMTX,2117,GMTX2117,X 344E,EN000 ,4/20/2017,5/4/2017
GMTX,2117,GMTX2117,X 344E,X 344E,5/4/2017,5/5/2017
GMTX,2117,GMTX2117,X 344E,X 344E,5/5/2017,5/5/2017
GMTX,2117,GMTX2117,X 344E,X 344E,5/5/2017,5/5/2017
GMTX,2118,GMTX2118,B 461 ,EN000 ,1/26/2017,2/22/2017
GMTX,2118,GMTX2118,B 461 ,B 461 ,2/22/2017,2/23/2017
GMTX,2118,GMTX2118,B 461 ,EN000 ,5/4/2017,5/26/2017
GMTX,2119,GMTX2119,X 344E,EN000 ,1/21/2017,3/12/2017
GMTX,2119,GMTX2119,X 344E,X 344E,3/12/2017,3/13/2017
GMTX,2119,GMTX2119,X 344E,X 344E,3/13/2017,3/13/2017
GMTX,2119,GMTX2119,X 344E,X 344D,3/13/2017,3/15/2017
GMTX,2119,GMTX2119,X 344E,X 344E,3/15/2017,3/16/2017
GMTX,2119,GMTX2119,X 344E,X 344E,3/16/2017,3/16/2017
GMTX,2119,GMTX2119,X 344E,EN000 ,3/16/2017,5/2/2017
GMTX,2119,GMTX2119,X 344E,X 344E,5/2/2017,5/4/2017
GMTX,2119,GMTX2119,X 344E,X 344E,5/4/2017,5/4/2017
GMTX,2119,GMTX2119,X 344E,X 344E,5/4/2017,5/4/2017
GMTX,2120,GMTX2120,KP643 ,EN000 ,12/30/2016,1/20/2017
GMTX,2120,GMTX2120,KP643 ,KP643 ,1/20/2017,1/21/2017
GMTX,2120,GMTX2120,KP643 ,KP643 ,1/21/2017,1/23/2017
GMTX,2120,GMTX2120,KP643 ,KP643 ,1/23/2017,1/23/2017
GMTX,2120,GMTX2120,KP643 ,EN000 ,2/26/2017,3/4/2017
GMTX,2120,GMTX2120,KP643 ,KP643 ,3/4/2017,3/4/2017
GMTX,2120,GMTX2120,KP643 ,KP643 ,3/4/2017,3/4/2017
GMTX,2120,GMTX2120,KP643 ,EN000 ,3/12/2017,4/14/2017
GMTX,2120,GMTX2120,KP643 ,KP643 ,4/14/2017,4/15/2017
GMTX,2120,GMTX2120,KP643 ,KP643 ,4/15/2017,4/15/2017
GMTX,2124,GMTX2124,TB114 ,EN000 ,12/15/2016,1/13/2017
GMTX,2124,GMTX2124,TB114 ,TB114 ,1/13/2017,1/15/2017
GMTX,2124,GMTX2124,TB114 ,TB114 ,1/15/2017,1/21/2017
GMTX,2124,GMTX2124,TB114 ,EN000 ,4/5/2017,4/21/2017
GMTX,2124,GMTX2124,TB114 ,TB114 ,4/21/2017,4/22/2017
GMTX,2124,GMTX2124,TB114 ,TB114 ,4/22/2017,4/29/2017
GMTX,2124,GMTX2124,TB114 ,EN000 ,4/29/2017,5/1/2017
GMTX,2124,GMTX2124,TB114 ,TB114 ,5/1/2017,5/1/2017
GMTX,2133,GMTX2133,TP250S,EN000 ,12/24/2016,2/2/2017
GMTX,2133,GMTX2133,TP250S,TP250S,2/2/2017,2/2/2017
GMTX,2133,GMTX2133,TP250S,TP250 ,2/2/2017,2/3/2017
GMTX,2133,GMTX2133,TP250S,TP250S,2/3/2017,2/5/2017
GMTX,2133,GMTX2133,TP250S,TP250S,2/5/2017,2/5/2017
GMTX,2133,GMTX2133,TP250S,EN000 ,2/5/2017,2/19/2017
GMTX,2133,GMTX2133,TP250S,TP250S,2/19/2017,2/19/2017
GMTX,2133,GMTX2133,TP250S,TP250 ,2/19/2017,2/20/2017
GMTX,2133,GMTX2133,TP250S,TP250S,2/20/2017,2/21/2017
GMTX,2133,GMTX2133,TP250S,TP250S,2/21/2017,2/21/2017
GMTX,2133,GMTX2133,TP250 ,EN000 ,3/22/2017,5/9/2017
GMTX,2133,GMTX2133,TP250 ,TP250S,5/9/2017,5/10/2017
GMTX,2133,GMTX2133,TP250 ,TP250 ,5/10/2017,5/11/2017
GMTX,2133,GMTX2133,TP250 ,TP250S,5/11/2017,5/12/2017
GMTX,2133,GMTX2133,TP250 ,TP250 ,5/12/2017,5/12/2017
GMTX,2135,GMTX2135,MX283S,EN000 ,1/1/2017,1/10/2017
GMTX,2135,GMTX2135,MX283S,MX283S,1/10/2017,1/11/2017
GMTX,2135,GMTX2135,MX283S,MX283D,1/11/2017,1/15/2017
GMTX,2135,GMTX2135,MX283S,MX283S,1/15/2017,1/17/2017
GMTX,2135,GMTX2135,MX283S,MX283S,1/17/2017,1/17/2017
GMTX,2135,GMTX2135,MX283S,EN000 ,1/17/2017,2/10/2017
GMTX,2135,GMTX2135,MX283S,MX283S,2/10/2017,2/11/2017
GMTX,2135,GMTX2135,MX283S,MX283D,2/11/2017,2/15/2017
GMTX,2135,GMTX2135,MX283S,MX283S,2/15/2017,2/17/2017
GMTX,2135,GMTX2135,MX283S,MX283S,2/17/2017,2/18/2017
GMTX,2135,GMTX2135,MX283S,EN000 ,4/4/2017,5/20/2017
GMTX,2135,GMTX2135,MX283S,MX283S,5/20/2017,5/21/2017
GMTX,2135,GMTX2135,MX283S,MX283S,5/21/2017,5/22/2017
GMTX,2153,GMTX2153,SW523 ,EN000 ,3/13/2017,3/13/2017
GMTX,2153,GMTX2153,SW523 ,SW523 ,3/13/2017,3/15/2017
GMTX,2153,GMTX2153,MX283S,EN000 ,3/15/2017,3/22/2017
GMTX,2153,GMTX2153,MX283S,MX283S,3/22/2017,3/23/2017
GMTX,2153,GMTX2153,MX283S,MX283D,3/23/2017,3/28/2017
GMTX,2153,GMTX2153,MX283S,MX283S,3/28/2017,3/29/2017
GMTX,2153,GMTX2153,MX283S,MX283S,3/29/2017,3/30/2017
GMTX,2155,GMTX2155,C 015 ,EN000 ,12/5/2016,1/4/2017
GMTX,2155,GMTX2155,C 015 ,C 015 ,1/4/2017,1/6/2017
GMTX,2155,GMTX2155,C 015 ,EN000 ,2/17/2017,3/17/2017
GMTX,2155,GMTX2155,C 015 ,C 015 ,3/17/2017,3/23/2017
GMTX,2160,GMTX2160,C 015 ,EN000 ,12/12/2016,1/2/2017
GMTX,2160,GMTX2160,C 015 ,C 015 ,1/2/2017,1/4/2017
GMTX,2160,GMTX2160,C 015 ,EN000 ,3/25/2017,4/5/2017
GMTX,2160,GMTX2160,C 015 ,C 015 ,4/5/2017,4/6/2017
GMTX,2161,GMTX2161,TP250S,EN000 ,1/11/2017,1/14/2017
GMTX,2161,GMTX2161,TP250S,TP250S,1/14/2017,1/14/2017
GMTX,2161,GMTX2161,TP250S,TP250 ,1/14/2017,1/14/2017
GMTX,2161,GMTX2161,TP250S,TP250S,1/14/2017,1/14/2017
GMTX,2161,GMTX2161,HL005 ,EN000 ,3/20/2017,3/29/2017
GMTX,2161,GMTX2161,HL005 ,HL005 ,3/29/2017,3/30/2017
GMTX,2161,GMTX2161,HL005 ,HL005 ,3/30/2017,3/30/2017
GMTX,2161,GMTX2161,HL005 ,EN000 ,4/28/2017,4/29/2017
GMTX,2161,GMTX2161,HL005 ,HL005 ,4/29/2017,4/30/2017
GMTX,2163,GMTX2163,TP250S,EN000 ,1/24/2017,2/9/2017
GMTX,2163,GMTX2163,TP250S,TP250 ,2/9/2017,2/9/2017
GMTX,2163,GMTX2163,TP250S,TP250S,2/9/2017,2/9/2017
GMTX,2163,GMTX2163,TP250S,EN000 ,2/10/2017,2/11/2017
GMTX,2163,GMTX2163,TP250S,TP250 ,2/11/2017,2/12/2017
GMTX,2163,GMTX2163,TP250S,TP250S,2/12/2017,2/13/2017
GMTX,2163,GMTX2163,TP250 ,EN000 ,2/13/2017,2/13/2017
GMTX,2163,GMTX2163,TP250 ,TP250 ,2/13/2017,2/13/2017
GMTX,2166,GMTX2166,XG077 ,EN000 ,12/30/2016,1/12/2017
GMTX,2166,GMTX2166,XG077 ,XG077 ,1/12/2017,1/12/2017
GMTX,2166,GMTX2166,X 344E,EN000 ,3/6/2017,3/10/2017
GMTX,2166,GMTX2166,X 344E,X 344E,3/10/2017,3/11/2017
GMTX,2166,GMTX2166,X 344E,X 344D,3/11/2017,3/11/2017
GMTX,2166,GMTX2166,X 344E,X 344E,3/11/2017,3/13/2017
GMTX,2166,GMTX2166,X 344E,X 344E,3/13/2017,3/13/2017
GMTX,2166,GMTX2166,JH404S,EN000 ,3/14/2017,4/15/2017
GMTX,2166,GMTX2166,JH404S,JH404S,4/15/2017,4/15/2017
GMTX,2166,GMTX2166,X 344E,EN000 ,4/15/2017,4/16/2017
GMTX,2166,GMTX2166,X 344E,X 344E,4/16/2017,4/16/2017
GMTX,2166,GMTX2166,X 344E,X 344E,4/16/2017,4/16/2017
GMTX,2166,GMTX2166,X 344E,X 344E,4/16/2017,4/16/2017
GMTX,2166,GMTX2166,X 344E,X 344D,4/16/2017,4/19/2017
GMTX,2166,GMTX2166,X 344E,X 344E,4/19/2017,4/20/2017
GMTX,2166,GMTX2166,X 344E,X 344E,4/20/2017,4/20/2017
GMTX,2166,GMTX2166,JH404D,EN000 ,4/21/2017,4/26/2017
GMTX,2166,GMTX2166,JH404D,JH404D,4/26/2017,4/26/2017
GMTX,2168,GMTX2168,TP250S,EN000 ,3/6/2017,4/1/2017
GMTX,2168,GMTX2168,TP250S,TP250S,4/1/2017,4/1/2017
GMTX,2168,GMTX2168,TP250S,TP250 ,4/1/2017,4/3/2017
GMTX,2168,GMTX2168,TP250S,TP250S,4/3/2017,4/4/2017
GMTX,2168,GMTX2168,TP250S,TP250S,4/4/2017,4/4/2017
GMTX,2170,GMTX2170,X 344E,EN000 ,11/15/2016,1/7/2017
GMTX,2170,GMTX2170,X 344E,X 344E,1/7/2017,1/7/2017
GMTX,2170,GMTX2170,X 344E,X 344D,1/7/2017,1/7/2017
GMTX,2170,GMTX2170,X 344E,X 344E,1/7/2017,1/7/2017
GMTX,2170,GMTX2170,X 344E,X 344D,1/7/2017,1/8/2017
GMTX,2170,GMTX2170,X 344E,X 344E,1/8/2017,1/8/2017
GMTX,2170,GMTX2170,X 344E,X 344E,1/8/2017,1/8/2017
GMTX,2170,GMTX2170,JH404S,EN000 ,1/8/2017,1/8/2017
GMTX,2170,GMTX2170,JH404S,JH404S,1/8/2017,1/8/2017
GMTX,2170,GMTX2170,TB114 ,EN000 ,4/5/2017,4/11/2017
GMTX,2170,GMTX2170,TB114 ,TB114 ,4/11/2017,4/13/2017
GMTX,2170,GMTX2170,TB114 ,TB114 ,4/13/2017,4/16/2017
GMTX,2195,GMTX2195,TB114 ,EN000 ,1/3/2017,1/4/2017
GMTX,2195,GMTX2195,TB114 ,TB114 ,1/4/2017,1/4/2017
GMTX,2195,GMTX2195,TB114 ,EN000 ,1/9/2017,1/10/2017
GMTX,2195,GMTX2195,TB114 ,TB114 ,1/10/2017,1/11/2017
GMTX,2195,GMTX2195,TB114 ,EN000 ,1/11/2017,1/12/2017
GMTX,2195,GMTX2195,TB114 ,TB114 ,1/12/2017,1/12/2017
GMTX,2195,GMTX2195,TB114 ,EN000 ,1/12/2017,1/12/2017
GMTX,2195,GMTX2195,TB114 ,TB114 ,1/12/2017,1/13/2017
GMTX,2195,GMTX2195,TB114 ,EN000 ,1/13/2017,1/14/2017
GMTX,2195,GMTX2195,TB114 ,TB114 ,1/14/2017,1/15/2017
GMTX,2195,GMTX2195,TB114 ,EN000 ,1/16/2017,1/17/2017
GMTX,2195,GMTX2195,TB114 ,TB114 ,1/17/2017,1/17/2017
GMTX,2195,GMTX2195,TB114 ,EN000 ,1/19/2017,1/20/2017
GMTX,2195,GMTX2195,TB114 ,TB114 ,1/20/2017,1/23/2017
GMTX,2195,GMTX2195,TB114 ,EN000 ,1/25/2017,1/26/2017
GMTX,2195,GMTX2195,TB114 ,TB114 ,1/26/2017,1/27/2017
GMTX,2195,GMTX2195,TB114 ,TB114 ,1/27/2017,2/4/2017
GMTX,2195,GMTX2195,C 806 ,EN000 ,3/21/2017,5/5/2017
GMTX,2195,GMTX2195,C 806 ,C 806 ,5/5/2017,5/5/2017
GMTX,2195,GMTX2195,C 806 ,C 806 ,5/5/2017,5/5/2017
GMTX,2241,GMTX2241,MX283S,EN000 ,11/21/2016,1/5/2017
GMTX,2241,GMTX2241,MX283S,MX283S,1/5/2017,1/5/2017
GMTX,2241,GMTX2241,MX283S,MX283D,1/5/2017,1/10/2017
GMTX,2241,GMTX2241,MX283S,MX283S,1/10/2017,1/11/2017
GMTX,2241,GMTX2241,MX283S,EN000 ,1/11/2017,1/13/2017
GMTX,2241,GMTX2241,MX283S,MX283S,1/13/2017,1/14/2017
GMTX,2241,GMTX2241,MX283S,MX283D,1/14/2017,1/17/2017
GMTX,2241,GMTX2241,MX283S,MX283S,1/17/2017,1/19/2017
GMTX,2241,GMTX2241,MX283S,MX283S,1/19/2017,1/20/2017
GMTX,2241,GMTX2241,MX283S,EN000 ,3/29/2017,4/15/2017
GMTX,2241,GMTX2241,MX283S,MX283S,4/15/2017,4/16/2017
GMTX,2241,GMTX2241,MX283S,MX283D,4/16/2017,4/17/2017
GMTX,2241,GMTX2241,MX283S,MX283S,4/17/2017,4/18/2017
GMTX,2241,GMTX2241,MX283S,MX283S,4/18/2017,4/19/2017
GMTX,2243,GMTX2243,MX283S,EN000 ,1/23/2017,3/5/2017
GMTX,2243,GMTX2243,MX283S,MX283S,3/5/2017,3/7/2017
GMTX,2243,GMTX2243,MX283S,MX283D,3/7/2017,3/13/2017
GMTX,2243,GMTX2243,MX283S,MX283S,3/13/2017,3/14/2017
GMTX,2243,GMTX2243,MX283S,MX283S,3/14/2017,3/14/2017
GMTX,2246,GMTX2246,TP250S,EN000 ,2/14/2017,2/22/2017
GMTX,2246,GMTX2246,TP250S,TP250S,2/22/2017,2/22/2017
GMTX,2246,GMTX2246,TP250S,TP250 ,2/22/2017,2/27/2017
GMTX,2246,GMTX2246,TP250S,TP250S,2/27/2017,2/28/2017
GMTX,2246,GMTX2246,TP250S,TP250S,2/28/2017,2/28/2017
GMTX,2251,GMTX2251,X 344E,EN000 ,2/14/2017,3/5/2017
GMTX,2251,GMTX2251,X 344E,X 344E,3/5/2017,3/6/2017
GMTX,2251,GMTX2251,X 344E,X 344D,3/6/2017,3/8/2017
GMTX,2251,GMTX2251,X 344E,X 344E,3/8/2017,3/10/2017
GMTX,2251,GMTX2251,X 344E,X 344E,3/10/2017,3/10/2017
GMTX,2251,GMTX2251,X 344E,EN000 ,3/10/2017,3/14/2017
GMTX,2251,GMTX2251,X 344E,X 344E,3/14/2017,3/15/2017
GMTX,2251,GMTX2251,X 344E,X 344E,3/15/2017,3/15/2017
GMTX,2251,GMTX2251,X 344E,X 344E,3/15/2017,3/15/2017
GMTX,2251,GMTX2251,X 344E,EN000 ,3/20/2017,4/16/2017
GMTX,2251,GMTX2251,X 344E,X 344E,4/16/2017,4/16/2017
GMTX,2251,GMTX2251,X 344E,X 344E,4/16/2017,4/16/2017
GMTX,2251,GMTX2251,X 344E,X 344E,4/16/2017,4/17/2017
GMTX,2251,GMTX2251,X 344E,X 344E,4/17/2017,4/17/2017
GMTX,2252,GMTX2252,X 344E,EN000 ,1/11/2017,3/1/2017
GMTX,2252,GMTX2252,X 344E,X 344E,3/1/2017,3/1/2017
GMTX,2252,GMTX2252,X 344E,X 344D,3/1/2017,3/5/2017
GMTX,2252,GMTX2252,X 344E,X 344E,3/5/2017,3/7/2017
GMTX,2252,GMTX2252,X 344E,X 344E,3/7/2017,3/7/2017
GMTX,2252,GMTX2252,X 344E,EN000 ,3/7/2017,3/12/2017
GMTX,2252,GMTX2252,X 344E,X 344E,3/12/2017,3/13/2017
GMTX,2252,GMTX2252,X 344E,X 344E,3/13/2017,3/13/2017
GMTX,2252,GMTX2252,X 344E,EN000 ,3/13/2017,3/14/2017
GMTX,2252,GMTX2252,X 344E,X 344E,3/14/2017,3/15/2017
GMTX,2252,GMTX2252,X 344E,X 344E,3/15/2017,3/15/2017
GMTX,2252,GMTX2252,X 344E,X 344E,3/15/2017,3/15/2017
GMTX,2252,GMTX2252,X 344E,X 344E,3/15/2017,3/15/2017
GMTX,2252,GMTX2252,X 344E,EN000 ,3/15/2017,4/11/2017
GMTX,2252,GMTX2252,X 344E,X 344E,4/11/2017,4/11/2017
GMTX,2252,GMTX2252,X 344E,X 344E,4/11/2017,4/11/2017
GMTX,2252,GMTX2252,X 344E,X 344D,4/11/2017,4/12/2017
GMTX,2252,GMTX2252,X 344E,X 344E,4/12/2017,4/14/2017
GMTX,2252,GMTX2252,X 344E,X 344E,4/14/2017,4/14/2017
GMTX,2252,GMTX2252,MX283S,EN000 ,4/17/2017,4/19/2017
GMTX,2252,GMTX2252,MX283S,MX283S,4/19/2017,4/20/2017
GMTX,2252,GMTX2252,MX283S,MX283D,4/20/2017,4/20/2017
GMTX,2252,GMTX2252,MX283S,MX283S,4/20/2017,4/24/2017
GMTX,2256,GMTX2256,TP250 ,EN000 ,1/12/2017,1/15/2017
GMTX,2256,GMTX2256,TP250 ,TP250S,1/15/2017,1/15/2017
GMTX,2256,GMTX2256,TP250 ,TP250 ,1/15/2017,1/15/2017
GMTX,2256,GMTX2256,HL005 ,EN000 ,3/2/2017,4/24/2017
GMTX,2256,GMTX2256,HL005 ,HL005 ,4/24/2017,4/26/2017
GMTX,2256,GMTX2256,TP250S,EN000 ,4/26/2017,5/23/2017
GMTX,2256,GMTX2256,TP250S,TP250S,5/23/2017,5/23/2017
GMTX,2256,GMTX2256,TP250S,TP250 ,5/23/2017,5/25/2017
GMTX,2256,GMTX2256,TP250S,TP250S,5/25/2017,5/26/2017
GMTX,2267,GMTX2267,TP250S,EN000 ,1/10/2017,1/14/2017
GMTX,2267,GMTX2267,TP250S,TP250S,1/14/2017,1/14/2017
GMTX,2267,GMTX2267,TP250S,TP250 ,1/14/2017,1/15/2017
GMTX,2267,GMTX2267,TP250S,TP250S,1/15/2017,1/15/2017
GMTX,2267,GMTX2267,TP250S,TP250S,1/15/2017,1/15/2017
GMTX,2267,GMTX2267,TP250S,TP250S,1/15/2017,1/16/2017
GMTX,2267,GMTX2267,TP250S,TP250S,1/16/2017,1/16/2017
GMTX,2267,GMTX2267,X 344E,EN000 ,1/16/2017,1/17/2017
GMTX,2267,GMTX2267,X 344E,X 344E,1/17/2017,1/17/2017
GMTX,2267,GMTX2267,X 344E,X 344E,1/17/2017,1/19/2017
GMTX,2267,GMTX2267,TP250 ,EN000 ,1/19/2017,1/25/2017
GMTX,2267,GMTX2267,TP250 ,TP250S,1/25/2017,1/25/2017
GMTX,2267,GMTX2267,TP250 ,TP250 ,1/25/2017,1/25/2017
GMTX,2267,GMTX2267,TP250 ,TP250S,1/25/2017,1/26/2017
GMTX,2267,GMTX2267,TP250 ,TP250 ,1/26/2017,1/26/2017
GMTX,2267,GMTX2267,TP250S,EN000 ,1/26/2017,2/2/2017
GMTX,2267,GMTX2267,TP250S,TP250S,2/2/2017,2/3/2017
GMTX,2267,GMTX2267,TP250S,TP250 ,2/3/2017,2/3/2017
GMTX,2267,GMTX2267,TP250S,TP250S,2/3/2017,2/4/2017
GMTX,2267,GMTX2267,TP250S,EN000 ,3/2/2017,3/11/2017
GMTX,2267,GMTX2267,TP250S,TP250S,3/11/2017,3/11/2017
GMTX,2267,GMTX2267,TP250S,TP250 ,3/11/2017,3/11/2017
GMTX,2267,GMTX2267,TP250S,TP250S,3/11/2017,3/11/2017
GMTX,2267,GMTX2267,TP250S,EN000 ,3/12/2017,3/13/2017
GMTX,2267,GMTX2267,TP250S,TP250 ,3/13/2017,3/21/2017
GMTX,2267,GMTX2267,TP250S,TP250S,3/21/2017,3/22/2017
GMTX,2267,GMTX2267,TP250S,TP250 ,3/22/2017,3/22/2017
GMTX,2267,GMTX2267,TP250S,TP250S,3/22/2017,3/23/2017
GMTX,2267,GMTX2267,TP250S,EN000 ,3/23/2017,4/15/2017
GMTX,2267,GMTX2267,TP250S,TP250S,4/15/2017,4/15/2017
GMTX,2267,GMTX2267,TP250S,TP250 ,4/15/2017,4/16/2017
GMTX,2267,GMTX2267,TP250S,TP250S,4/16/2017,4/17/2017
GMTX,2267,GMTX2267,TP250S,TP250S,4/17/2017,4/17/2017
GMTX,2269,GMTX2269,X 344E,EN000 ,12/5/2016,1/10/2017
GMTX,2269,GMTX2269,X 344E,X 344E,1/10/2017,1/10/2017
GMTX,2269,GMTX2269,X 344E,X 344E,1/10/2017,1/11/2017
GMTX,2269,GMTX2269,X 344E,EN000 ,2/26/2017,3/12/2017
GMTX,2269,GMTX2269,X 344E,X 344E,3/12/2017,3/13/2017
GMTX,2269,GMTX2269,X 344E,X 344E,3/13/2017,3/13/2017
GMTX,2269,GMTX2269,X 344E,X 344D,3/13/2017,3/16/2017
GMTX,2269,GMTX2269,X 344E,X 344E,3/16/2017,3/22/2017
GMTX,2269,GMTX2269,X 344E,X 344E,3/22/2017,3/22/2017
GMTX,2269,GMTX2269,TP250S,EN000 ,3/22/2017,4/2/2017
GMTX,2269,GMTX2269,TP250S,TP250S,4/2/2017,4/2/2017
GMTX,2269,GMTX2269,TP250S,TP250 ,4/2/2017,4/3/2017
GMTX,2269,GMTX2269,TP250S,TP250S,4/3/2017,4/4/2017
GMTX,2269,GMTX2269,TP250S,TP250S,4/4/2017,4/4/2017
GMTX,2271,GMTX2271,DD053D,EN000 ,1/20/2017,1/21/2017
GMTX,2271,GMTX2271,DD053D,DD053D,1/21/2017,2/1/2017
GMTX,2271,GMTX2271,NZ021S,EN000 ,2/26/2017,3/2/2017
GMTX,2271,GMTX2271,NZ021S,NZ021S,3/2/2017,3/3/2017
GMTX,2271,GMTX2271,NZ021S,NZ021 ,3/3/2017,3/8/2017
GMTX,2271,GMTX2271,NZ021S,NZ021S,3/8/2017,3/9/2017
GMTX,2271,GMTX2271,NZ021S,NZ021S,3/9/2017,3/9/2017
GMTX,2271,GMTX2271,DM136 ,EN000 ,4/23/2017,5/2/2017
GMTX,2271,GMTX2271,DM136 ,DM136 ,5/2/2017,5/4/2017
GMTX,2271,GMTX2271,DM136 ,DM136 ,5/4/2017,5/5/2017
GMTX,2280,GMTX2280,SP760S,EN000 ,3/13/2017,3/18/2017
GMTX,2280,GMTX2280,SP760S,SP760S,3/18/2017,3/19/2017
GMTX,2280,GMTX2280,SP760S,SP760S,3/19/2017,3/19/2017
GMTX,2280,GMTX2280,SP760S,SP760S,3/19/2017,3/20/2017
GMTX,2280,GMTX2280,SP760S,SP760S,3/20/2017,3/21/2017
GMTX,2280,GMTX2280,SP760S,EN000 ,3/26/2017,4/19/2017
GMTX,2280,GMTX2280,SP760S,SP760S,4/19/2017,4/20/2017
GMTX,2280,GMTX2280,SP760S,SP760S,4/20/2017,4/20/2017
GMTX,2280,GMTX2280,SP760S,SP760S,4/20/2017,4/22/2017
GMTX,2285,GMTX2285,AX345 ,EN000 ,2/6/2017,2/20/2017
GMTX,2285,GMTX2285,AX345 ,AX345 ,2/20/2017,2/24/2017
GMTX,2285,GMTX2285,AX345S,EN000 ,4/2/2017,4/12/2017
GMTX,2285,GMTX2285,AX345S,AX345S,4/12/2017,4/13/2017
GMTX,2285,GMTX2285,AX345S,AX345 ,4/13/2017,4/13/2017
GMTX,2285,GMTX2285,AX345S,AX345S,4/13/2017,4/13/2017
GMTX,2285,GMTX2285,AX345S,EN000 ,4/21/2017,5/5/2017
GMTX,2285,GMTX2285,AX345S,AX345S,5/5/2017,5/6/2017
GMTX,2285,GMTX2285,AX345S,AX345 ,5/6/2017,5/13/2017
GMTX,2285,GMTX2285,AX345S,AX345S,5/13/2017,5/14/2017
GMTX,2294,GMTX2294,B 461 ,EN000 ,1/9/2017,2/4/2017
GMTX,2294,GMTX2294,B 461 ,B 461 ,2/4/2017,2/9/2017
GMTX,2294,GMTX2294,TB114 ,EN000 ,4/21/2017,4/24/2017
GMTX,2294,GMTX2294,TB114 ,TB114 ,4/24/2017,4/25/2017
GMTX,2294,GMTX2294,TB114 ,TB114 ,4/25/2017,5/4/2017
GMTX,2295,GMTX2295,MX283S,EN000 ,1/30/2017,2/2/2017
GMTX,2295,GMTX2295,MX283S,MX283S,2/2/2017,2/3/2017
GMTX,2295,GMTX2295,MX283S,MX283D,2/3/2017,2/4/2017
GMTX,2295,GMTX2295,MX283S,MX283S,2/4/2017,2/5/2017
GMTX,2295,GMTX2295,MX283S,MX283S,2/5/2017,2/6/2017
GMTX,2295,GMTX2295,MX283S,EN000 ,3/17/2017,5/8/2017
GMTX,2295,GMTX2295,MX283S,MX283S,5/8/2017,5/9/2017
GMTX,2295,GMTX2295,MX283S,MX283D,5/9/2017,5/11/2017
GMTX,2295,GMTX2295,MX283S,MX283S,5/11/2017,5/12/2017
GMTX,2295,GMTX2295,MX283S,MX283S,5/12/2017,5/13/2017
GMTX,2297,GMTX2297,TP250S,EN000 ,1/27/2017,2/10/2017
GMTX,2297,GMTX2297,TP250S,TP250S,2/10/2017,2/10/2017
GMTX,2297,GMTX2297,TP250S,TP250 ,2/10/2017,2/11/2017
GMTX,2297,GMTX2297,TP250S,TP250S,2/11/2017,2/11/2017
GMTX,2297,GMTX2297,TP250S,EN000 ,3/23/2017,5/15/2017
GMTX,2297,GMTX2297,TP250S,TP250S,5/15/2017,5/16/2017
GMTX,2297,GMTX2297,TP250S,TP250 ,5/16/2017,5/18/2017
GMTX,2297,GMTX2297,TP250S,TP250S,5/18/2017,5/20/2017
GMTX,2298,GMTX2298,MX283S,EN000 ,12/2/2016,1/17/2017
GMTX,2298,GMTX2298,MX283S,MX283S,1/17/2017,1/18/2017
GMTX,2298,GMTX2298,MX283S,MX283D,1/18/2017,1/19/2017
GMTX,2298,GMTX2298,MX283S,MX283S,1/19/2017,1/19/2017
GMTX,2298,GMTX2298,MX283S,MX283S,1/19/2017,1/20/2017
GMTX,2298,GMTX2298,MX283S,EN000 ,3/6/2017,3/17/2017
GMTX,2298,GMTX2298,MX283S,MX283S,3/17/2017,3/17/2017
GMTX,2298,GMTX2298,MX283S,MX283D,3/17/2017,3/29/2017
GMTX,2298,GMTX2298,MX283S,MX283S,3/29/2017,4/2/2017
GMTX,2298,GMTX2298,MX283S,MX283S,4/2/2017,4/2/2017
GMTX,2298,GMTX2298,SW523 ,EN000 ,4/5/2017,4/10/2017
GMTX,2298,GMTX2298,SW523 ,SW523 ,4/10/2017,4/12/2017
GMTX,2298,GMTX2298,MX283S,EN000 ,4/18/2017,5/7/2017
GMTX,2298,GMTX2298,MX283S,MX283S,5/7/2017,5/8/2017
GMTX,2298,GMTX2298,MX283S,MX283D,5/8/2017,5/8/2017
GMTX,2298,GMTX2298,MX283S,MX283S,5/8/2017,5/9/2017
GMTX,2298,GMTX2298,MX283S,MX283S,5/9/2017,5/9/2017
GMTX,2298,GMTX2298,MX283S,EN000 ,5/9/2017,5/23/2017
GMTX,2298,GMTX2298,MX283S,MX283S,5/23/2017,5/25/2017
GMTX,2298,GMTX2298,MX283S,MX283D,5/25/2017,5/26/2017
GMTX,2298,GMTX2298,MX283S,MX283S,5/26/2017,5/27/2017
GMTX,2321,GMTX2321,X 344E,EN000 ,1/27/2017,3/1/2017
GMTX,2321,GMTX2321,X 344E,X 344E,3/1/2017,3/1/2017
GMTX,2321,GMTX2321,X 344E,X 344E,3/1/2017,3/1/2017
GMTX,2321,GMTX2321,X 344E,X 344E,3/1/2017,3/2/2017
GMTX,2321,GMTX2321,X 344E,X 344E,3/2/2017,3/2/2017
GMTX,2321,GMTX2321,TP250S,EN000 ,3/2/2017,3/25/2017
GMTX,2321,GMTX2321,TP250S,TP250S,3/25/2017,3/25/2017
GMTX,2321,GMTX2321,TP250S,TP250 ,3/25/2017,3/25/2017
GMTX,2321,GMTX2321,TP250S,TP250S,3/25/2017,3/25/2017
GMTX,2321,GMTX2321,TP250S,TP250 ,3/26/2017,3/26/2017
GMTX,2321,GMTX2321,TP250S,EN000 ,3/26/2017,3/26/2017
GMTX,2321,GMTX2321,TP250S,TP250S,3/26/2017,3/27/2017
GMTX,2321,GMTX2321,TP250S,TP250S,3/27/2017,3/27/2017
GMTX,2328,GMTX2328,SW523 ,EN000 ,1/23/2017,1/23/2017
GMTX,2328,GMTX2328,SW523 ,SW523 ,1/23/2017,1/24/2017
GMTX,2328,GMTX2328,MX283S,EN000 ,4/18/2017,4/27/2017
GMTX,2328,GMTX2328,MX283S,MX283S,4/27/2017,4/28/2017
GMTX,2328,GMTX2328,MX283S,MX283D,4/28/2017,5/8/2017
GMTX,2328,GMTX2328,MX283S,MX283S,5/8/2017,5/9/2017
GMTX,2328,GMTX2328,MX283S,MX283S,5/9/2017,5/9/2017
GMTX,2328,GMTX2328,MX283D,EN000 ,5/11/2017,5/20/2017
GMTX,2328,GMTX2328,MX283D,MX283S,5/20/2017,5/21/2017
GMTX,2330,GMTX2330,MO486 ,EN000 ,1/20/2017,1/23/2017
GMTX,2330,GMTX2330,MO486 ,MO486 ,1/23/2017,1/24/2017
GMTX,2330,GMTX2330,MO486 ,MO486 ,4/27/2017,5/1/2017
GMTX,2330,GMTX2330,MO486 ,EN000 ,4/27/2017,4/27/2017
GMTX,2330,GMTX2330,MO486 ,EN000 ,5/17/2017,5/24/2017
GMTX,2330,GMTX2330,MO486 ,MO486 ,5/24/2017,5/24/2017
GMTX,2335,GMTX2335,X 344E,EN000 ,1/24/2017,3/13/2017
GMTX,2335,GMTX2335,X 344E,X 344E,3/13/2017,3/14/2017
GMTX,2335,GMTX2335,X 344E,X 344E,3/14/2017,3/14/2017
GMTX,2335,GMTX2335,X 344E,X 344D,3/14/2017,3/15/2017
GMTX,2335,GMTX2335,X 344E,X 344E,3/15/2017,3/15/2017
GMTX,2335,GMTX2335,X 344E,X 344E,3/15/2017,3/16/2017
GMTX,2337,GMTX2337,TB114 ,EN000 ,1/3/2017,1/11/2017
GMTX,2337,GMTX2337,TB114 ,TB114 ,1/11/2017,1/15/2017
GMTX,2337,GMTX2337,TB114 ,TB114 ,1/15/2017,1/20/2017
GMTX,2337,GMTX2337,TB114 ,EN000 ,1/20/2017,2/16/2017
GMTX,2337,GMTX2337,TB114 ,TB114 ,2/16/2017,2/17/2017
GMTX,2337,GMTX2337,TB114 ,TB114 ,2/17/2017,2/21/2017
GMTX,2337,GMTX2337,TB114 ,EN000 ,2/21/2017,2/22/2017
GMTX,2337,GMTX2337,TB114 ,TB114 ,2/22/2017,2/22/2017
GMTX,2337,GMTX2337,TB114 ,EN000 ,4/20/2017,4/24/2017
GMTX,2337,GMTX2337,TB114 ,TB114 ,4/24/2017,4/25/2017
GMTX,2337,GMTX2337,TB114 ,TB114 ,4/25/2017,5/3/2017
GMTX,2337,GMTX2337,TB114 ,EN000 ,5/3/2017,5/5/2017
GMTX,2337,GMTX2337,TB114 ,TB114 ,5/5/2017,5/5/2017
GMTX,2337,GMTX2337,TB114 ,EN000 ,5/5/2017,5/6/2017
GMTX,2337,GMTX2337,TB114 ,TB114 ,5/6/2017,5/6/2017
GMTX,2337,GMTX2337,TB114 ,EN000 ,5/6/2017,5/6/2017
GMTX,2337,GMTX2337,TB114 ,TB114 ,5/6/2017,5/7/2017
GMTX,2337,GMTX2337,TB114 ,EN000 ,5/7/2017,5/8/2017
GMTX,2337,GMTX2337,TB114 ,TB114 ,5/8/2017,5/8/2017
GMTX,2337,GMTX2337,TB114 ,EN000 ,5/8/2017,5/9/2017
GMTX,2337,GMTX2337,TB114 ,TB114 ,5/9/2017,5/9/2017
GMTX,2337,GMTX2337,TB114 ,EN000 ,5/11/2017,5/12/2017
GMTX,2337,GMTX2337,TB114 ,TB114 ,5/12/2017,5/12/2017
GMTX,2337,GMTX2337,TB114 ,EN000 ,5/12/2017,5/13/2017
GMTX,2337,GMTX2337,TB114 ,TB114 ,5/13/2017,5/13/2017
GMTX,2337,GMTX2337,TB114 ,EN000 ,5/13/2017,5/14/2017
GMTX,2337,GMTX2337,TB114 ,TB114 ,5/14/2017,5/14/2017
GMTX,2337,GMTX2337,TB114 ,EN000 ,5/14/2017,5/16/2017
GMTX,2337,GMTX2337,TB114 ,TB114 ,5/16/2017,5/17/2017
GMTX,2337,GMTX2337,TB114 ,EN000 ,5/17/2017,5/19/2017
GMTX,2337,GMTX2337,TB114 ,TB114 ,5/19/2017,5/22/2017
GMTX,2337,GMTX2337,TB114 ,EN000 ,5/22/2017,5/22/2017
GMTX,2337,GMTX2337,TB114 ,TB114 ,5/22/2017,5/23/2017
GMTX,2337,GMTX2337,TB114 ,EN000 ,5/23/2017,5/25/2017
GMTX,2337,GMTX2337,TB114 ,TB114 ,5/25/2017,5/25/2017
GMTX,2337,GMTX2337,TB114 ,EN000 ,5/25/2017,5/26/2017
GMTX,2337,GMTX2337,TB114 ,TB114 ,5/26/2017,5/26/2017
GMTX,2337,GMTX2337,TB114 ,EN000 ,5/26/2017,5/26/2017
GMTX,2337,GMTX2337,TB114 ,TB114 ,5/26/2017,5/27/2017
GMTX,2337,GMTX2337,TB114 ,EN000 ,5/27/2017,5/28/2017
GMTX,2337,GMTX2337,TB114 ,TB114 ,5/28/2017,5/28/2017
GMTX,2337,GMTX2337,TB114 ,EN000 ,5/28/2017,5/29/2017
GMTX,2337,GMTX2337,TB114 ,TB114 ,5/29/2017,5/30/2017
GMTX,2337,GMTX2337,TB114 ,EN000 ,5/30/2017,5/31/2017
GMTX,2337,GMTX2337,TB114 ,TB114 ,5/31/2017,5/31/2017
GMTX,2337,GMTX2337,TB114 ,EN000 ,5/31/2017,6/1/2017
GMTX,2337,GMTX2337,TB114 ,TB114 ,6/1/2017,6/1/2017
GMTX,2602,GMTX2602,TP250S,EN000 ,2/1/2017,3/2/2017
GMTX,2602,GMTX2602,TP250S,TP250S,3/2/2017,3/2/2017
GMTX,2602,GMTX2602,TP250S,TP250 ,3/2/2017,3/6/2017
GMTX,2602,GMTX2602,TP250S,TP250S,3/6/2017,3/6/2017
GMTX,2602,GMTX2602,TP250 ,EN000 ,3/6/2017,3/8/2017
GMTX,2602,GMTX2602,TP250 ,TP250S,3/8/2017,3/9/2017
GMTX,2602,GMTX2602,TP250 ,TP250 ,3/9/2017,3/9/2017
GMTX,2602,GMTX2602,X 344E,EN000 ,3/9/2017,3/14/2017
GMTX,2602,GMTX2602,X 344E,X 344E,3/14/2017,3/14/2017
GMTX,2602,GMTX2602,X 344E,X 344E,3/14/2017,3/14/2017
GMTX,2602,GMTX2602,X 344E,X 344E,3/14/2017,3/14/2017
GMTX,2613,GMTX2613,C 015 ,EN000 ,1/7/2017,2/6/2017
GMTX,2613,GMTX2613,C 015 ,C 015 ,2/6/2017,2/9/2017
GMTX,2613,GMTX2613,C 015 ,EN000 ,4/18/2017,5/2/2017
GMTX,2613,GMTX2613,C 015 ,C 015 ,5/2/2017,5/2/2017
GMTX,2613,GMTX2613,C 015 ,EN000 ,5/2/2017,5/11/2017
GMTX,2613,GMTX2613,C 015 ,C 015 ,5/11/2017,5/12/2017
GMTX,2614,GMTX2614,TP250S,EN000 ,1/17/2017,2/16/2017
GMTX,2614,GMTX2614,TP250S,TP250S,2/16/2017,2/16/2017
GMTX,2614,GMTX2614,TP250S,TP250 ,2/16/2017,2/16/2017
GMTX,2614,GMTX2614,TP250S,TP250S,2/16/2017,2/17/2017
GMTX,2614,GMTX2614,TP250S,EN000 ,3/29/2017,4/26/2017
GMTX,2614,GMTX2614,TP250S,TP250S,4/26/2017,4/26/2017
GMTX,2614,GMTX2614,TP250S,TP250 ,4/26/2017,4/27/2017
GMTX,2614,GMTX2614,TP250S,TP250S,4/27/2017,4/28/2017
GMTX,2614,GMTX2614,TP250S,TP250S,4/28/2017,4/28/2017
GMTX,2614,GMTX2614,TP250S,EN000 ,4/28/2017,5/20/2017
GMTX,2614,GMTX2614,TP250S,TP250S,5/20/2017,5/20/2017
GMTX,2614,GMTX2614,TP250S,TP250 ,5/20/2017,5/20/2017
GMTX,2614,GMTX2614,TP250S,TP250S,5/20/2017,5/21/2017
GMTX,2614,GMTX2614,TP250S,TP250S,5/21/2017,5/21/2017
GMTX,2623,GMTX2623,TB114 ,EN000 ,12/12/2016,1/25/2017
GMTX,2623,GMTX2623,TB114 ,TB114 ,1/25/2017,1/26/2017
GMTX,2623,GMTX2623,TB114 ,TB114 ,1/26/2017,2/2/2017
GMTX,2623,GMTX2623,TB114 ,EN000 ,2/2/2017,2/7/2017
GMTX,2623,GMTX2623,TB114 ,TB114 ,2/7/2017,2/7/2017
GMTX,2623,GMTX2623,TB114 ,EN000 ,2/10/2017,2/10/2017
GMTX,2623,GMTX2623,TB114 ,TB114 ,2/10/2017,2/11/2017
GMTX,2623,GMTX2623,TB114 ,EN000 ,2/11/2017,2/11/2017
GMTX,2623,GMTX2623,TB114 ,TB114 ,2/11/2017,2/12/2017
GMTX,2623,GMTX2623,TB114 ,EN000 ,2/12/2017,2/12/2017
GMTX,2623,GMTX2623,TB114 ,TB114 ,2/12/2017,2/13/2017
GMTX,2623,GMTX2623,TB114 ,EN000 ,2/13/2017,2/13/2017
GMTX,2623,GMTX2623,TB114 ,TB114 ,2/13/2017,2/14/2017
GMTX,2623,GMTX2623,TB114 ,EN000 ,2/14/2017,2/14/2017
GMTX,2623,GMTX2623,TB114 ,TB114 ,2/14/2017,2/15/2017
GMTX,2623,GMTX2623,TB114 ,EN000 ,2/15/2017,2/15/2017
GMTX,2623,GMTX2623,TB114 ,TB114 ,2/15/2017,2/16/2017
GMTX,2623,GMTX2623,TB114 ,EN000 ,2/16/2017,2/16/2017
GMTX,2623,GMTX2623,TB114 ,TB114 ,2/16/2017,2/17/2017
GMTX,2623,GMTX2623,TB114 ,EN000 ,2/22/2017,2/23/2017
GMTX,2623,GMTX2623,TB114 ,TB114 ,2/23/2017,2/23/2017
GMTX,2623,GMTX2623,TB114 ,EN000 ,2/25/2017,2/26/2017
GMTX,2623,GMTX2623,TB114 ,TB114 ,2/26/2017,2/26/2017
GMTX,2623,GMTX2623,TB114 ,EN000 ,2/26/2017,2/27/2017
GMTX,2623,GMTX2623,TB114 ,TB114 ,2/27/2017,2/27/2017
GMTX,2623,GMTX2623,TB114 ,EN000 ,2/27/2017,2/28/2017
GMTX,2623,GMTX2623,TB114 ,TB114 ,2/28/2017,2/28/2017
GMTX,2623,GMTX2623,TB114 ,EN000 ,2/28/2017,3/1/2017
GMTX,2623,GMTX2623,TB114 ,TB114 ,3/1/2017,3/1/2017
GMTX,2623,GMTX2623,TB114 ,EN000 ,3/4/2017,3/5/2017
GMTX,2623,GMTX2623,TB114 ,TB114 ,3/5/2017,3/5/2017
GMTX,2623,GMTX2623,TB114 ,EN000 ,3/5/2017,3/6/2017
GMTX,2623,GMTX2623,TB114 ,TB114 ,3/6/2017,3/6/2017
GMTX,2623,GMTX2623,TB114 ,EN000 ,3/6/2017,3/7/2017
GMTX,2623,GMTX2623,TB114 ,TB114 ,3/7/2017,3/7/2017
GMTX,2623,GMTX2623,TB114 ,EN000 ,3/9/2017,3/11/2017
GMTX,2623,GMTX2623,TB114 ,TB114 ,3/11/2017,3/11/2017
GMTX,2623,GMTX2623,TB114 ,EN000 ,3/11/2017,3/12/2017
GMTX,2623,GMTX2623,TB114 ,TB114 ,3/12/2017,3/12/2017
GMTX,2623,GMTX2623,TB114 ,EN000 ,3/12/2017,3/13/2017
GMTX,2623,GMTX2623,TB114 ,TB114 ,3/13/2017,3/13/2017
GMTX,2623,GMTX2623,TB114 ,EN000 ,3/13/2017,3/14/2017
GMTX,2623,GMTX2623,TB114 ,TB114 ,3/14/2017,3/14/2017
GMTX,2623,GMTX2623,TB114 ,EN000 ,3/14/2017,3/16/2017
GMTX,2623,GMTX2623,TB114 ,TB114 ,3/16/2017,3/16/2017
GMTX,2623,GMTX2623,TB114 ,TB114 ,3/16/2017,3/16/2017
GMTX,2623,GMTX2623,TB114 ,EN000 ,3/18/2017,3/18/2017
GMTX,2623,GMTX2623,TB114 ,TB114 ,3/18/2017,3/19/2017
GMTX,2623,GMTX2623,TB114 ,EN000 ,3/23/2017,3/23/2017
GMTX,2623,GMTX2623,TB114 ,TB114 ,3/23/2017,3/24/2017
GMTX,2623,GMTX2623,TB114 ,EN000 ,3/24/2017,3/24/2017
GMTX,2623,GMTX2623,TB114 ,TB114 ,3/24/2017,3/25/2017
GMTX,2623,GMTX2623,TB114 ,EN000 ,3/25/2017,3/26/2017
GMTX,2623,GMTX2623,TB114 ,TB114 ,3/26/2017,3/26/2017
GMTX,2623,GMTX2623,TB114 ,EN000 ,3/26/2017,3/27/2017
GMTX,2623,GMTX2623,TB114 ,TB114 ,3/27/2017,3/27/2017
GMTX,2623,GMTX2623,TB114 ,EN000 ,3/29/2017,3/30/2017
GMTX,2623,GMTX2623,TB114 ,TB114 ,3/30/2017,3/30/2017
GMTX,2623,GMTX2623,TB114 ,EN000 ,3/31/2017,4/1/2017
GMTX,2623,GMTX2623,TB114 ,TB114 ,4/1/2017,4/3/2017
GMTX,2623,GMTX2623,TB114 ,EN000 ,4/3/2017,4/4/2017
GMTX,2623,GMTX2623,TB114 ,TB114 ,4/4/2017,4/4/2017
GMTX,2623,GMTX2623,TB114 ,EN000 ,4/5/2017,4/5/2017
GMTX,2623,GMTX2623,TB114 ,TB114 ,4/5/2017,4/6/2017
GMTX,2623,GMTX2623,TB114 ,EN000 ,4/10/2017,4/11/2017
GMTX,2623,GMTX2623,TB114 ,TB114 ,4/11/2017,4/11/2017
GMTX,2623,GMTX2623,TB114 ,EN000 ,4/13/2017,4/15/2017
GMTX,2623,GMTX2623,TB114 ,TB114 ,4/15/2017,4/15/2017
GMTX,2623,GMTX2623,TB114 ,EN000 ,4/15/2017,4/16/2017
GMTX,2623,GMTX2623,TB114 ,TB114 ,4/16/2017,4/18/2017
GMTX,2623,GMTX2623,TB114 ,EN000 ,4/21/2017,4/22/2017
GMTX,2623,GMTX2623,TB114 ,TB114 ,4/22/2017,4/22/2017
GMTX,2623,GMTX2623,TB114 ,EN000 ,4/22/2017,4/23/2017
GMTX,2623,GMTX2623,TB114 ,TB114 ,4/23/2017,4/23/2017
GMTX,2623,GMTX2623,TB114 ,EN000 ,4/23/2017,4/23/2017
GMTX,2623,GMTX2623,TB114 ,TB114 ,4/23/2017,4/24/2017
GMTX,2623,GMTX2623,TB114 ,EN000 ,4/26/2017,4/26/2017
GMTX,2623,GMTX2623,TB114 ,TB114 ,4/26/2017,4/26/2017
GMTX,2623,GMTX2623,TB114 ,EN000 ,4/26/2017,4/27/2017
GMTX,2623,GMTX2623,TB114 ,TB114 ,4/27/2017,4/27/2017
GMTX,2623,GMTX2623,TB114 ,EN000 ,4/28/2017,4/29/2017
GMTX,2623,GMTX2623,TB114 ,TB114 ,4/29/2017,4/29/2017
GMTX,2623,GMTX2623,TB114 ,TB114 ,4/29/2017,4/29/2017
GMTX,2623,GMTX2623,TB114 ,EN000 ,4/29/2017,4/30/2017
GMTX,2623,GMTX2623,TB114 ,TB114 ,4/30/2017,5/1/2017
GMTX,2623,GMTX2623,TB114 ,EN000 ,5/1/2017,5/1/2017
GMTX,2623,GMTX2623,TB114 ,TB114 ,5/1/2017,5/2/2017
GMTX,2623,GMTX2623,TB114 ,EN000 ,5/2/2017,5/2/2017
GMTX,2623,GMTX2623,TB114 ,TB114 ,5/2/2017,5/3/2017
GMTX,2623,GMTX2623,TB114 ,TB114 ,5/3/2017,5/4/2017
GMTX,2623,GMTX2623,TB114 ,EN000 ,5/4/2017,5/4/2017
GMTX,2623,GMTX2623,TB114 ,TB114 ,5/4/2017,5/5/2017
GMTX,2623,GMTX2623,TB114 ,TB114 ,5/5/2017,5/10/2017
GMTX,2625,GMTX2625,RV323S,EN000 ,2/8/2017,4/2/2017
GMTX,2625,GMTX2625,RV323S,RV323S,4/2/2017,4/3/2017
GMTX,2625,GMTX2625,RV323S,RV323S,4/3/2017,4/3/2017
GMTX,2625,GMTX2625,RV323S,RV323S,4/3/2017,4/4/2017
GMTX,2625,GMTX2625,RV323S,RV323 ,4/4/2017,4/4/2017
GMTX,2625,GMTX2625,RV323S,RV323S,4/4/2017,4/5/2017
GMTX,2625,GMTX2625,RV323S,RV323S,4/5/2017,4/5/2017
GMTX,2673,GMTX2673,HL005 ,EN000 ,1/26/2017,2/9/2017
GMTX,2673,GMTX2673,HL005 ,HL005 ,2/9/2017,2/11/2017
GMTX,2673,GMTX2673,TP250S,EN000 ,3/23/2017,4/7/2017
GMTX,2673,GMTX2673,TP250S,TP250S,4/7/2017,4/7/2017
GMTX,2673,GMTX2673,TP250S,TP250 ,4/7/2017,4/11/2017
GMTX,2673,GMTX2673,TP250S,TP250S,4/11/2017,4/13/2017
GMTX,2673,GMTX2673,TP250S,TP250S,4/13/2017,4/13/2017
GMTX,2673,GMTX2673,TP250S,EN000 ,4/13/2017,5/3/2017
GMTX,2673,GMTX2673,TP250S,TP250S,5/3/2017,5/3/2017
GMTX,2673,GMTX2673,TP250S,TP250 ,5/3/2017,5/3/2017
GMTX,2673,GMTX2673,TP250S,TP250S,5/3/2017,5/4/2017
GMTX,2673,GMTX2673,TP250S,EN000 ,5/4/2017,5/16/2017
GMTX,2673,GMTX2673,TP250S,TP250S,5/16/2017,5/16/2017
GMTX,2673,GMTX2673,TP250S,TP250S,5/16/2017,5/16/2017
GMTX,2673,GMTX2673,TP250S,TP250S,5/16/2017,5/16/2017
GMTX,2679,GMTX2679,X 344E,EN000 ,1/4/2017,2/17/2017
GMTX,2679,GMTX2679,X 344E,X 344E,2/17/2017,2/18/2017
GMTX,2679,GMTX2679,X 344E,X 344E,2/18/2017,2/18/2017
GMTX,2679,GMTX2679,X 344E,X 344D,2/18/2017,2/22/2017
GMTX,2679,GMTX2679,X 344E,X 344E,2/22/2017,2/22/2017
GMTX,2679,GMTX2679,X 344E,X 344E,2/22/2017,2/23/2017
GMTX,2679,GMTX2679,JH404S,EN000 ,2/23/2017,2/23/2017
GMTX,2679,GMTX2679,JH404S,JH404S,2/23/2017,2/23/2017
GMTX,2679,GMTX2679,X 344E,EN000 ,4/12/2017,5/1/2017
GMTX,2679,GMTX2679,X 344E,X 344E,5/1/2017,5/2/2017
GMTX,2679,GMTX2679,X 344E,X 344D,5/2/2017,5/4/2017
GMTX,2679,GMTX2679,X 344E,X 344E,5/4/2017,5/5/2017
GMTX,2679,GMTX2679,X 344E,X 344E,5/5/2017,5/5/2017
GMTX,2679,GMTX2679,JH404S,EN000 ,5/5/2017,5/5/2017
GMTX,2679,GMTX2679,JH404S,JH404S,5/5/2017,5/5/2017
GMTX,2682,GMTX2682,TP250S,EN000 ,12/13/2016,1/7/2017
GMTX,2682,GMTX2682,TP250S,TP250S,1/7/2017,1/7/2017
GMTX,2682,GMTX2682,TP250S,TP250 ,1/7/2017,1/8/2017
GMTX,2682,GMTX2682,TP250S,TP250S,1/8/2017,1/9/2017
GMTX,2682,GMTX2682,TP250S,TP250S,1/9/2017,1/9/2017
GMTX,2682,GMTX2682,TB114 ,EN000 ,2/24/2017,3/27/2017
GMTX,2682,GMTX2682,TB114 ,TB114 ,3/27/2017,3/29/2017
GMTX,2682,GMTX2682,TB114 ,TB114 ,3/29/2017,4/4/2017
GMTX,2682,GMTX2682,TB114 ,EN000 ,4/4/2017,4/5/2017
GMTX,2682,GMTX2682,TB114 ,TB114 ,4/5/2017,4/6/2017
GMTX,2682,GMTX2682,TB114 ,EN000 ,4/6/2017,4/7/2017
GMTX,2682,GMTX2682,TB114 ,TB114 ,4/7/2017,4/10/2017
GMTX,2682,GMTX2682,TB114 ,EN000 ,4/10/2017,4/10/2017
GMTX,2682,GMTX2682,TB114 ,TB114 ,4/10/2017,4/11/2017
GMTX,2682,GMTX2682,X 344E,EN000 ,4/14/2017,4/14/2017
GMTX,2682,GMTX2682,X 344E,X 344E,4/14/2017,4/15/2017
GMTX,2682,GMTX2682,X 344E,X 344D,4/15/2017,4/15/2017
GMTX,2682,GMTX2682,X 344E,X 344E,4/15/2017,4/18/2017
GMTX,2682,GMTX2682,X 344E,X 344E,4/18/2017,4/19/2017
GMTX,2682,GMTX2682,JH404S,EN000 ,4/19/2017,4/21/2017
GMTX,2682,GMTX2682,JH404S,JH404S,4/21/2017,4/22/2017
GMTX,2682,GMTX2682,TB114 ,EN000 ,5/9/2017,5/26/2017
GMTX,2682,GMTX2682,TB114 ,TB114 ,5/26/2017,5/28/2017
GMTX,2682,GMTX2682,TB114 ,TB114 ,5/28/2017,5/30/2017
GMTX,2691,GMTX2691,SW523 ,EN000 ,1/19/2017,1/24/2017
GMTX,2691,GMTX2691,SW523 ,SW523 ,1/24/2017,1/24/2017
GMTX,2691,GMTX2691,SW523 ,EN000 ,2/9/2017,2/11/2017
GMTX,2691,GMTX2691,SW523 ,SW523 ,2/11/2017,2/13/2017
GMTX,2691,GMTX2691,MX283S,EN000 ,2/13/2017,2/16/2017
GMTX,2691,GMTX2691,MX283S,MX283S,2/16/2017,2/16/2017
GMTX,2691,GMTX2691,MX283S,MX283D,2/16/2017,2/18/2017
GMTX,2691,GMTX2691,MX283S,MX283S,2/18/2017,2/19/2017
GMTX,2691,GMTX2691,MX283S,EN000 ,2/25/2017,3/2/2017
GMTX,2691,GMTX2691,MX283S,MX283S,3/2/2017,3/2/2017
GMTX,2691,GMTX2691,MX283S,MX283D,3/2/2017,3/3/2017
GMTX,2691,GMTX2691,MX283S,MX283S,3/3/2017,3/4/2017
GMTX,2691,GMTX2691,MX283S,MX283S,3/4/2017,3/4/2017
GMTX,2691,GMTX2691,SW523 ,EN000 ,3/21/2017,3/21/2017
GMTX,2691,GMTX2691,SW523 ,SW523 ,3/21/2017,3/22/2017
GMTX,2692,GMTX2692,MX283S,EN000 ,2/10/2017,3/28/2017
GMTX,2692,GMTX2692,MX283S,MX283S,3/28/2017,3/29/2017
GMTX,2692,GMTX2692,MX283S,MX283D,3/29/2017,4/1/2017
GMTX,2692,GMTX2692,MX283S,MX283S,4/1/2017,4/2/2017
GMTX,2693,GMTX2693,AX345S,EN000 ,12/20/2016,1/13/2017
GMTX,2693,GMTX2693,AX345S,AX345S,1/13/2017,1/14/2017
GMTX,2693,GMTX2693,AX345S,AX345 ,1/14/2017,1/19/2017
GMTX,2693,GMTX2693,AX345S,AX345S,1/19/2017,1/20/2017
GMTX,2693,GMTX2693,AX345S,EN000 ,2/17/2017,2/28/2017
GMTX,2693,GMTX2693,AX345S,AX345 ,2/28/2017,2/28/2017
GMTX,2693,GMTX2693,AX345S,AX345S,2/28/2017,3/1/2017
GMTX,2693,GMTX2693,SO216 ,EN000 ,3/1/2017,3/18/2017
GMTX,2693,GMTX2693,SO216 ,SO216 ,3/18/2017,3/18/2017
GMTX,2693,GMTX2693,SO216 ,EN000 ,4/8/2017,4/15/2017
GMTX,2693,GMTX2693,SO216 ,SO216 ,4/15/2017,4/15/2017
GMTX,2693,GMTX2693,AX345 ,EN000 ,4/15/2017,4/21/2017
GMTX,2693,GMTX2693,AX345 ,AX345S,4/21/2017,4/21/2017
GMTX,2693,GMTX2693,AX345 ,AX345 ,4/21/2017,4/27/2017
GMTX,2694,GMTX2694,DM136 ,EN000 ,1/20/2017,3/1/2017
GMTX,2694,GMTX2694,DM136 ,DM136 ,3/1/2017,3/2/2017
GMTX,2694,GMTX2694,EC096 ,EN000 ,4/26/2017,4/26/2017
GMTX,2694,GMTX2694,EC096 ,EC096 ,4/26/2017,4/26/2017
HLCX,918,HLCX918,B 372E,EN000 ,1/13/2017,1/16/2017
HLCX,918,HLCX918,B 372E,B 372E,1/16/2017,1/18/2017
HLCX,918,HLCX918,B 372E,B 372 ,1/18/2017,1/21/2017
HLCX,918,HLCX918,B 372E,B 372 ,1/18/2017,1/21/2017
HLCX,918,HLCX918,B 372E,B 372E,1/21/2017,1/22/2017
HLCX,918,HLCX918,TB114 ,EN000 ,1/22/2017,1/23/2017
HLCX,918,HLCX918,TB114 ,TB114 ,1/23/2017,1/24/2017
HLCX,918,HLCX918,TB114 ,EN000 ,1/24/2017,3/31/2017
HLCX,918,HLCX918,TB114 ,TB114 ,3/31/2017,4/3/2017
HLCX,918,HLCX918,TB114 ,TB114 ,4/3/2017,4/9/2017
HLCX,918,HLCX918,B 372E,EN000 ,4/30/2017,5/2/2017
HLCX,918,HLCX918,B 372E,B 372E,5/2/2017,5/3/2017
HLCX,918,HLCX918,B 372E,B 372 ,5/3/2017,5/5/2017
HLCX,918,HLCX918,B 372E,B 372 ,5/3/2017,5/5/2017
HLCX,918,HLCX918,B 372E,B 372E,5/5/2017,5/6/2017
HLCX,918,HLCX918,B 372E,B 372E,5/6/2017,5/6/2017
HLCX,990,HLCX990,X 344E,EN000 ,2/23/2017,3/23/2017
HLCX,990,HLCX990,X 344E,X 344E,3/23/2017,3/24/2017
HLCX,990,HLCX990,X 344E,X 344D,3/24/2017,3/25/2017
HLCX,990,HLCX990,X 344E,X 344E,3/25/2017,3/26/2017
HLCX,990,HLCX990,X 344E,X 344E,3/26/2017,3/26/2017
HLCX,990,HLCX990,JH404S,EN000 ,3/26/2017,3/27/2017
HLCX,990,HLCX990,JH404S,JH404S,3/27/2017,3/27/2017
HLCX,1028,HLCX1028,B 009 ,EN000 ,10/18/2016,1/16/2017
HLCX,1028,HLCX1028,B 009 ,B 009 ,1/16/2017,1/17/2017
HLCX,1028,HLCX1028,B 009 ,B 009 ,1/16/2017,1/17/2017
HLCX,1028,HLCX1028,B 372 ,EN000 ,4/10/2017,4/10/2017
HLCX,1028,HLCX1028,B 372 ,B 372 ,4/10/2017,4/10/2017
HLCX,1028,HLCX1028,B 372 ,B 372 ,4/10/2017,4/10/2017
HLCX,1031,HLCX1031,B 461 ,EN000 ,2/10/2017,3/20/2017
HLCX,1031,HLCX1031,B 461 ,B 461 ,3/20/2017,3/26/2017
HLCX,1031,HLCX1031,B 372E,EN000 ,5/13/2017,5/22/2017
HLCX,1031,HLCX1031,B 372E,B 372E,5/22/2017,5/22/2017
HLCX,1031,HLCX1031,B 372E,B 372 ,5/22/2017,5/25/2017
HLCX,1031,HLCX1031,B 372E,B 372 ,5/22/2017,5/25/2017
HLCX,1031,HLCX1031,B 372E,B 372E,5/25/2017,5/26/2017
HLCX,1031,HLCX1031,B 372E,B 372E,5/26/2017,5/26/2017
HLCX,1032,HLCX1032,SP760S,EN000 ,12/31/2016,1/21/2017
